{
  "assetsByChunkName": {
    "vendors~app-account~app-confirmation~app-order": "chunk.a6090fecd4939419c3a8.js",
    "vendors~app-account~app-checkout": "chunk.affbe485e6e291a62e64.js",
    "vendors~app-cart~app-checkout": "chunk.8776f8cb79e4934213d5.js",
    "admin": [
      "admin.a1e3be2f8222abfa0933.js",
      "admin.a1e3be2f8222abfa0933.js.map"
    ],
    "app-account": "chunk.baf47342fa04043ae245.js",
    "app-checkout": "chunk.12e6e01d8d4a358eac10.js",
    "app-confirmation": "chunk.a90a210e10f8e5a75caa.js",
    "checkout": [
      "checkout.6c467a42a0538fb31277.js",
      "checkout.6c467a42a0538fb31277.js.map"
    ],
    "storefront": [
      "storefront.e55c1b2ff6bf0562e455.css",
      "storefront.53981c1b5f6b974c27bf.js",
      "storefront.e55c1b2ff6bf0562e455.css.map",
      "storefront.53981c1b5f6b974c27bf.js.map"
    ],
    "vendors~app-cart": "chunk.d32bf7e48d3bcc0e42a8.js",
    "vendors~app-order": "chunk.13b0960602442ab6c375.js"
  }
}