{
  "sections": [
    {
      "type": "breadcrumbs",
      "enabled": true
    },
    {
      "type": "page-title",
      "title": "Confira a variedade de cogumelos que temos:",
      "description": "Nós produzimos diversos tipos, cada um com um proposito de consumo e beneficio."
    },
    {
      "type": "document-banner",
      "enabled": true
    },
    {
      "type": "category-retail",
      "enabled": true,
      "sort": "sales"
    },
    {
      "type": "document-description",
      "enabled": true
    }
  ]
}