{
  "meta_title": "Cogumelos funcionais no conforto na sua casa",
  "meta_description": "Produzimos os melhores cogumelos funcionais para seu bem estar e conforto.",
  "sections": [
    {
      "type": "banner-slider",
      "autoplay": 9000,
      "full_width": true,
      "slides": [
        {
          "start": "",
          "end": "",
          "img": "/img/uploads/capa-2-leve.png"
        }
      ]
    },
    {
      "type": "info-bar",
      "enabled": false
    },
    {
      "autoplay": 1000,
      "page": 1,
      "title": "Extratos de Cogumelos Funcionais",
      "shuffle": false,
      "headless": false,
      "type": "collection-shelf",
      "limit": 15,
      "collection_id": "623390ee2e405e04ffe50877:categories:Extratos de Cogumelos Funcionais:/cogumelos-funcionais",
      "sort": "views"
    },
    {
      "type": "page-title",
      "title": "Loja especializada na produção e venda de cogumelos funcionais.",
      "description": "Aqui você encontra os melhores extratos e tinturas dos cogumelos funcionais. Nosso time de atendimento está pronto pra esclarecer qualquer dúvida e transformar seu pedido numa ótima experiência."
    }
  ]
}
